Jumlah Rit,Total Armada,Avg Load (Ton),Total Load (Ton),Avg Jarak (km),Avg Waktu (Jam),Avg Biaya (IDR)
1,102,5.325980392156863,543.25,50.328039215686275,2.5329411764705885,754918.6666666666
2,38,11.69578947368421,444.44,93.47421052631579,4.713947368421053,1402113.9473684211
3,11,17.991818181818182,197.91,140.11818181818182,7.079999999999999,2101757.727272727
